{"cameraMode":{"drawMode":0,"name":"Shaded","section":"Shading Mode"},"sceneLighting":false,"audioPlay":false,"sceneViewState":{"m_AlwaysRefresh":false,"showFog":true,"showSkybox":false,"showFlares":true,"showImageEffects":true,"showParticleSystems":true,"showVisualEffectGraphs":true,"m_FxEnabled":true},"in2DMode":false,"pivot":{"x":-0.022778958082199098,"y":-0.1372269093990326,"z":-0.2765392065048218},"rotation":{"x":0.10819759219884873,"y":0.1396922767162323,"z":-0.015359155833721161,"w":0.9841505289077759},"size":1.4660255908966065,"orthographic":false}