{"cameraMode":{"drawMode":0,"name":"Shaded","section":"Shading Mode"},"sceneLighting":true,"audioPlay":false,"sceneViewState":{"m_AlwaysRefresh":false,"showFog":true,"showSkybox":true,"showFlares":true,"showImageEffects":true,"showParticleSystems":true,"showVisualEffectGraphs":true,"m_FxEnabled":true},"in2DMode":false,"pivot":{"x":0.5628336668014526,"y":-0.12909165024757386,"z":-1.7001285552978516},"rotation":{"x":-0.02065984345972538,"y":-0.17899133265018464,"z":-0.003753066062927246,"w":0.9836355447769165},"size":3.888796329498291,"orthographic":false}